aaron	a: r O n
abdul	a p t u l
abe	ei: p
about	a p au Y t
abs	a p s
absolute	a p s O l u t
absolutely	a p s O l u t l i
access	a k s E s
accessibility	a k s E s I p I l I t i
accident	a k s I t E n_0 t
account	a k_h au n_0 t
acer	a: s E r
acid	a: s I t
act	a x t
actavis	a x t a v I s
actions	a k s j O n s
activate	a k t_h I v ei t
active	a x t I v
actors	a x t O r_0 s
actually	a k s j u l i
ad	a: t
add	a t
added	a t E t
address	a t r E s
adds	a t s
adebayor	a: t E p ai O r
adidas	a: t I t a s
adrian	a t r i a n
advania	a t v a n i j a
africa	a f r I k a
african	a f r I k a n
aftenposten	a f t E n p_h ou s t E n
after	a f t E r
again	a c E n
aged	ei: t s t
age	ei: t s
agency	ei: t j E n s i
agent	ei t j E n_0 t
aid	ei: t
aim	ei: m
ain't	ei n_0 t
airbnb	E: r p i j E n p i
airbus	E: r_0 p 9 s
aircraft	E: r_0 k_h r a f t
air	E: r
airline	E: r l ai n
airlines	E: r l ai n s
airport	E: r_0 p_h O r_0 t
airwaves	E: r_0 v ei v s
al	a: l
alan	a: l a n
alberto	a l p E r_0 t ou
albion	a l p i j O n
album	a l p u m
alcan	a l_0 k a n
alcoa	a l k_h ou a
alcohol	a l_0 k ou h O l
ale	ei: l
alfred	a l f r E t
alice	a: l I s
aliexpress	a: l i j E k s p r E s
allen	a l E n
almost	O l m ou s t
alonso	a l O n s O
also	O l s ou
alvaro	a l v a r ou
always	O l v ei s
am	a: m
amazon	a: m a s O n
ambient	a m p i E n_0 t
american	a m E r I k_h a n
amnesty	a m n E s t i
amy	ei: m i
anand	a: n a n t
and	a n t
andersson	a n t E r_0 s O n
andrew	a n t r u
andrews	a n t r j u s
andré	a n t r ei
android	a n t r Oi t
andy	a n t i
anfield	a n f i l t
angela	a J c E l a
angel	ei J c E l
angeles	a n t j E l E s
animal	a: n I m a l
animals	a: n I m a l s
aniston	a: n I s t O n
anne	a n
annie	a n i
annual	a n j u a l
answer	a n s 9 r
anthony	a n T O n i
anti	a n_0 t i
antoine	a n_0 t v a n
antonio	a n t_h O n I O
any	E: n i
anyone	E: n i v O n
anything	E: n i T i N
anywhere	E: n i v E r
apes	ei: p s
apple	a h p u l
apps	a h p s
april	ei: p_h r I l
arcade	a r_0 c ei t
architects	a r_0 c I t_h E x t s
architecture	a r_0 c I t_h E x t j u r
area	E: r i a
are	a: r
areas	E: r i a s
ariel	a r i j E l
armour	a r m u r
arms	a r m s
armstrong	a r m s t r O N
army	a r m i
arne	a r n E
arnold	a r n ou l t
arsenal	a r_0 s E n a l
arsene	a r_0 s E n
art	a r_0 t
article	a r_0 t I k u l
articles	a r_0 t I k u l s
artist	a r_0 t I s t
artists	a r_0 t I s t s
arts	a r_0 t s
ash	a s
ashley	a s t l ei
ashton	a s t O n
asia	ei: s j a
ask	a s k
asking	a s c i N
assad	a s a t
assange	a s a n s
asset	a s E t
assets	a s E t s
assistant	a s I s t a n_0 t
athletic	a T l E t_h I k
atkinson	a t c_h I n s O n
atmosphere	a h t m ou s f E r
attitude	a h t I t_h j u t
aubameyang	au: p a m ei j a N
audi	au: t i
audience	O: t i E n s
august	O: k 9 s t
austin	O s t I n
austria	O: s t r i a
authenticator	O T E n_0 t I k_h ei t O r
author	O: T O r
automotive	O: t ou m ou t I v
auto	O: t ou
autumn	O: t_h 9 m
aux	au k s
average	a: v E r E t s j
avion	a: v i j O n
aviv	a v i v
avocado	a: v O k_h a t ou
away	a v ei:
baby	p ei: p i
bachelor	p a t s j E l O r
background	p a h k r au n t
backup	p a h k 9 p
bad	p a: t
bag	p a: k
baines	p ei: n s
baker	p ei: k_h E r
balance	p a: l a n s
bale	p ei: l
balotelli	p a: l O t_h E l I
baltic	p O l_0 t I k
baltimore	p O l_0 t I m O r
bands	p a n t s
bang	p a N
banking	p a N_0 k i N
ban	p a: n
barack	p a: r a k
barak	p a: r a k
barcelona	p a r s E l ou n a
barcode	p a r k_h ou t
barkley	p a r_0 k l i
barnes	p a r n s
barnsley	p a r n s t l ei
barry	p a r i
basecamp	p ei: s k_h a m_0 p
based	p ei: s t
base	p ei: s
basically	p ei: s I k l i
basic	p ei: s I k
basil	p a: s I l
basis	p ei: s I s
bass	p a s
bastard	p a s t a r t
bate	p ei: t
batman	p a h t m a n
battle	p a h t u l
bayer	p ai E r
bay	p ei:
beach	p i: t s
beam	p i: m
bear	p E: r
bears	p E: r s
beast	p i: s t
beasts	p i: s t s
beat	p i: t
beauty	p j u: t i
beckham	p E h k h a m
beck	p E h k
bed	p E: t
been	p I n
beer	p i: r
before	p i f O: r
being	p i: j i N
bellamy	p E l a m i
bell	p E l
benchmark	p E n s m a r_0 k
benefit	p E n E f I t
benetton	p E: n E t_h O n
benitez	p E: n i t E s
benjamin	p E n t j a m I n
bennett	p E n E h t
ben	p E n
bentley	p E n_0 t l ei
berbatov	p E r p a t_h O v
berlingske	p E r l i n s c E
berlin	p E r l i n
bernard	p E r n a r t
bernie	p 9 r n i
berry	p E r i
bertrand	p E r_0 t r a n t
better	p E h t E r
beverly	p E v E r l i
bicycle	p ai: s I k u l
biden	p ai: t E n
bieber	p i p E r
bigger	p I k E r
biggest	p I k E s t
bigo	p I: k ou
big	p I k
bike	p ai: k
bilbao	p I l p a ou
billboards	p I l p O r t s
billion	p I l j O n
bill	p I l
billy	p I l i
bin	p I n
bird	p 9 r t
birds	p 9 r t s
birmingham	p 9 r m i N h a m
birthday	p 9 r T t ei
birth	p 9 r T
bistro	p I s t r ou
bitch	p I t s
bit	p I t
bixby	p I k s p i
black	p l a h k
blackburn	p l a h k p 9 r n
blackpool	p l a h k p_h u l
blade	p l ei: t
blair	p l E: r
blairs	p l E: r_0 s
blake	p l ei: k
blast	p l a s t
blog	p l O: k
blonde	p l O n t
blood	p l O t
bloody	p l O t i
bloomberg	p l u m p E r k
blue	p l u:
blues	p l u: s
bluetooth	p l u: t_h u T
board	p O r t
boateng	p ou t_h ei N
boat	p ou t
bobby	p O p i
bob	p O p
body	p O: t i
boeing	p ou: i N
bojan	p ou t j a n
boko	p ou: k ou
bologna	p O l ou n j a
bolton	p O l_0 t O n
bond	p O n t
bone	p ou: n
bones	p ou: n s
bono	p O: n ou
bon	p O: n
booking	p u h c I N
book	p u k
books	p u k s
boom	p u m
booster	p u s t E r
boost	p u s t
boot	p u t
boots	p u t s
boozt	p u s t
bo	p ou:
border	p O r t E r
borders	p O r t E r_0 s
boring	p O: r i N
boris	p O: r I s
born	p O r n
boro	p O r ou
borussia	p O r u s i a
bose	p ou: s
boss	p O s
both	p ou T
bottas	p O h t a s
bottom	p O h t O m
bought	p O t
bound	p au: n t
bourbon	p 9 r p O n
bournemouth	p O r n m au T
bowie	p ou: i
bowl	p ou: l
box	p O k s
boys	p Oi j s
bradley	p r a t l i
brad	p r a t
brady	p r ei: t i
brain	p r ei: n
brandon	p r a n t O n
brand	p r a n t
bravo	p r a v ou
breakers	p r ei: k E r_0 s
breakfast	p r E k f a s t
break	p r ei: k
breath	p r E T
breeding	p r i t i N
brendan	p r E n t a n
brentford	p r E n_0 t f O r t
brenton	p r E n_0 t O n
brewery	p r u: E r i
brewing	p r u: i N
brian	p r ai j a n
bride	p r ai: t
bridge	p r I t s
brighton	p r ai: t_h O n
bright	p r ai t
bringing	p r i N i N
bring	p r i N
bristol	p r I s t O l
britain	p r I h t E n
british	p r I h t I s
britney	p r I h t n ei
broadcasting	p r O t k_h a s t i N
broadway	p r O t v ei
broken	p r ou: k E n
broke	p r ou: k
brom	p r O: m
bromwich	p r O m v I t s
brooklyn	p r u h k l I n
brooks	p r u k s
brother	p r O D E r
brothers	p r O D E r_0 s
brought	p r O: t
brownie	p r au: n i
brown	p r au: n
bruce	p r u: s
brugge	p r Y c E
brunch	p r 9 n t s
bruno	p r u: n ou
bruyne	p r Oi n E
bryan	p r ai j a n
bryant	p r ai j a n_0 t
bröndby	p r 9 n p i
bucks	p 9 h k s
budget	p 9 t s E t
building	p I l t i N
buildings	p I l t i N s
build	p I l t
built	p I l_0 t
bullock	p u l O h k
bureau	p j u: r ou
burger	p 9 r k E r
burning	p 9 r n i N
burnley	p 9 r n l ei
burn	p 9 r n
burns	p 9 r n s
burton	p 9 r_0 t O n
burt	p 9 r_0 t
bush	p u s
business	p I s n E s
bus	p 9 s
bust	p 9 s t
busy	p I s i
butler	p 9 h t l E r
but	p 9 t
butterfly	p 9 h t E r_0 f l ai
button	p 9 h t O n
butt	p 9 h t
buyers	p ai j E r_0 s
buy	p ai:
cab	k_h a: p
cache	k_h a s
cactus	k_h a x t Y s
cahill	c_h ei: h I l
cake	k_h ei: k
calculator	k_h a l_0 k j u l ei t O r
called	k_h O l t
calling	k_h O l i N
calls	k_h O l s
calm	k_h O l m
calorie	k_h a: l O r i
cambria	k_h a m p r i j a
cambridge	c_h ei m p r I t s
camera	k_h a: m E r a
cameron	k_h a: m E r O n
campbell	k_h a m_0 p E l
camp	k_h a m_0 p
can	k_h a: n
canada	k_h a: n a t a
cancel	k_h a n s E l
cancelled	k_h a n s E l t
cancer	k_h a n s E r
candidate	k_h a n t I t ei t
cannot	k_h a n O t
can't	k_h a n_0 t
cant	k_h a n_0 t
capacent	k_h a p a s E n_0 t
capcut	k_h a p k_h 9 t
capital	k_h a p I t_h a l
captured	k_h a p t s j u r t
caravan	k_h a: r a v a n
carbon	k_h a r p O n
cardiff	k_h a r_0 t I f
card	k_h a r t
care	c_h E: r
carl	k_h a r l
carlo	k_h a r l ou
carlos	k_h a r l O s
carnegie	k_h a r n E c i
caroline	k_h a: r O l ai n
carragher	k_h a r a c E r
carrick	k_h a r I h k
carried	k_h a r i t
carroll	k_h a r O l
carry	k_h a r i
cars	k_h a r_0 s
carter	k_h a r_0 t E r
case	c_h ei: s
cases	c_h ei: s E s
cash	k_h a s
castro	k_h a s t r ou
casual	k_h a s j u a l
catching	k_h a t s j i N
catch	k_h a t s
catherine	k_h a T r I n
cat	k_h a t
caught	k_h O: t
caused	k_h O: s t
cause	k_h O: s
cave	c_h ei: v
cayenne	k_h ai j E n
cc	s j E: s j E
cech	t s j E h k
celebrate	s E l E p r ei t
cell	s E l
celtic	s E l_0 t I k
center	s E n_0 t E r
centers	s E n_0 t E r_0 s
central	s E n_0 t r a l
centre	s E n_0 t E r
century	s E n_0 t j u r i
ceo	s i: i: ou:
ceremony	s E r E m ou n i
certainly	s 9 r_0 t E n l i
certain	s 9 r_0 t E n
chains	t s j ei: n s
chain	t s j ei: n
challenge	t s j a l E n t s
chamber	t s j ei: m p E r
championships	t s j a m_0 p i j O n s j I p s
champions	t s j a m_0 p i j O n s
champion	t s j a m_0 p i j O n
chance	t s j a n s
changed	t s j ei: n t s t
changes	t s j ei: n t j E s
changing	t s j ei: n t j i N
channel	t s j a n E l
chan	t s j a: n
chaos	c_h ei: O s
chapter	t s j a p t E r
charges	t s j a r t s j E s
charge	t s j a r t s
charity	t s j a: r I t i
charles	t s j a r l s
charlie	t s j a r l i
charlotte	s j a r l O h t
charlton	t s j a r l_0 t O n
charming	t j a r m i N
chartered	t s j a r_0 t E r t
chat	t s j a t
check	t s j E h k
cheese	t s j i: s
chef	s j E f
chelsea	t s j E l s i
chemical	c_h E m I k a l
chia	t s j i: j a
chicken	t s j I h k E n
chiefs	t s j i f s
chief	t s j i f
chicago	s i k_h a k ou
childhood	t s j ai: l t h u t
child	t s j ai: l t
chili	t s j I l i
chill	t s j I l
chinese	t s j ai: n i s
chips	t s j I p s
chip	t s j I p
chi	t s j i:
chocolate	t s j O h k l E t
choice	t s j Oi s
choir	k_h v ai: 9 r
choose	t s j u: s
chosen	t s j ou: s E n
chris	k_h r I s
christian	k_h r I s t j a n
christ	k_h r ai s t
christmas	k_h r I s t m a s
christopher	k_h r I s t O f E r
chrome	k_h r ou: m
chronicle	k_h r O: n I k u l
chuck	t s j 9 h k
church	t s j 9 r t s
chutney	t s j 9 h t n i
cia	s i: ai: ei:
cinema	s I n E m a
circumstances	s 9 r_0 k Y m s t a n s E s
circus	s 9 r_0 k Y s
cities	s I t i s
citizens	s I t I s E n s
city	s I t i
civic	s I v I k
civil	s I v I l
claim	k_h l ei: m
claims	k_h l ei: m s
clan	k_h l a: n
clarke	k_h l a r_0 k
clark	k_h l a r_0 k
clash	k_h l a s
classic	k_h l a s I k
classics	k_h l a s I k s
claus	k l O: s
cleaner	k_h l i: n E r
clean	k_h l i: n
clear	k_h l i: r
clearly	k_h l i: r l i
cleveland	k_h l i: v l a n t
click	k_h l I h k
climate	k_h l ai: m E t
clinical	k_h l I n I k a l
clinic	k_h l I n I k
clinton	k_h l I n_0 t O n
clooney	k_h l u: n i
closed	k_h l ou: s t
close	k_h l ou: s
closely	k_h l ou: s t l i
closer	k_h l ou: s E r
clothes	k_h l ou: D s
clothing	k_h l ou: D i N
cloud	k_h l au: t
clouds	k_h l au: t s
club	k_h l 9 p
coach	k_h ou t s
coast	k_h ou s t
coca	k_h ou: k a
cocktail	k_h O h k t ei l
code	k_h ou: t
cod	k_h O: t
coffee	k_h O f i
cohen	k_h ou: E n
co	k_h ou:
cola	k_h ou: l a
cold	k_h ou: l t
cole	k_h ou: l
coleman	k_h ou: l m a n
coli	k_h O l i
colin	k_h O l I n
collie	k_h O l i
collins	k_h O l I n s
colorful	k_h O l O r_0 f u l
color	k_h O l O r
colour	k_h O l O r
comeback	k_h O m p a h k
comedy	k_h O m E t i
come	k_h O m
comes	k_h O m s
comfort	k_h O m f O r_0 t
comics	k_h O m I k s
coming	k_h O m i N
com	k_h O m
comment	k_h O m E n_0 t
comments	k_h O m E n_0 t s
common	k_h O m O n
commons	k_h O m O n s
compact	k_h O m p_h a x t
companies	k_h O m_0 p a n i s
complex	k_h O m p_h l E k s
concept	k_h O n s E p t
concert	k_h O n s E r_0 t
concerts	k_h O n s E r_0 t s
conference	k_h O n f E r E n s
congress	k_h O N k r E s
connection	k_h O n E k s j O n
con	k_h O n
contacted	k_h O n t_h a x t E t
contact	k_h O n t_h a x t
conte	k_h O n_0 t E
content	k_h O n t_h E n_0 t
contest	k_h O n t_h E s t
context	k_h O n t_h E k s t
contract	k_h O n t_h r a x t
cook	k_h u k
cool	k_h u: l
cooper	k_h u p E r
copy	k_h O h p i
copyright	k_h O h p i r ai t
core	k_h O: r
corporate	k_h O r_0 p O r E t
cosby	k_h O s p i
costa	k_h O s t a
costco	k_h O s k ou
cost	k_h O s t
costs	k_h O s t s
could	k_h Y t
couldn't	k_h Y t n t
council	k_h au: n s I l
counter	k_h au n_0 t E r
country's	k_h au n_0 t r i s
couple	k_h 9 h p u l
courage	k_h 9 r E t s
course	k_h O r_0 s
court	k_h O r_0 t
courts	k_h O r_0 t s
coventry	k_h O v E n_0 t r i
covered	k_h O v E r t
cover	k_h O v E r
covid	k_h ou: v I t
cox	k_h O k s
craft	k_h r a f t
craig	k_h r ei k
crash	k_h r a s
crazy	k_h r ei: s i
cream	k_h r i: m
creatures	k_h r i: t_h j Y r_0 s
credit	k_h r E: t I t
creek	k_h r i: k
crew	k_h r u:
crime	k_h r ai: m
criminal	k_h r I m I n a l
crisis	k_h r ai: s I s
critical	k_h r I t I k a l
crossing	k_h r O s i N
cross	k_h r O s
crouch	k_h r au t s
crowd	k_h r au: t
crown	k_h r au: n
cruise	k_h r u: s
cruises	k_h r u: s E s
crush	k_h r 9 s
cruz	k_h r u: s
cry	k_h r ai:
crystal	k_h r I s t a l
cult	k_h 9 l_0 t
cultural	k_h 9 l_0 t j u r a l
culture	k_h 9 l_0 t j u r
cumin	k_h j u: m I n
cup	k_h 9 p
cure	k_h j u: r
currency	k_h 9 r E n s i
current	k_h 9 r E n_0 t
curry	k_h 9 r i
customers	k_h 9 s t O m E r_0 s
cut	k_h 9 t
cycles	s ai: k u l s
cycling	s ai k l i N
cyrus	s ai: r 9 s
dad	t a: t
daft	t a f t
dahl	t a: l
daily	t ei: l i
dalai	t a: l ai
dalglish	t a k I s
dallas	t a l a s
damage	t a: m E t s
damien	t ei: m i j E n
damon	t ei: m O n
dancer	t a n s E r
dance	t a n s
dancing	t a n s i N
dangerous	t ei n t s j E r 9 s
danger	t ei n t s j E r
daniels	t a: n i j E l s
daniel	t a: n i E l
danish	t ei: n I s
danny	t a n i
darker	t a r_0 k E r
darkness	t a r_0 k n E s
dark	t a r_0 k
darling	t a r l i N k
darren	t a r E n
database	t ei: t a p ei s
data	t a: t a
date	t ei: t
dating	t ei: t i N
daughter	t O: t E r
dave	t ei: v
davidson	t ei: v I t s O n
davids	t a: v I t s
david	t ei: v I t
davies	t ei: v i s
davis	t ei: v I s
dawn	t O: n
days	t ei: s
day	t ei:
dead	t E t
deal	t i: l
dean	t i: n
dear	t i: r
death	t E T
debt	t E t
decades	t E c ei t s
deep	t i: p
deer	t i: r
defence	t i: f E n s
defense	t i: f E n s
defoe	t E: f ou
dele	t E: l E
dello	t E l ou
deloitte	t E: l Oi t
del	t i: l i t
democratic	t E: m O k_h r a t I k
dempsey	t E m_0 p s i
denis	t E n I s
denmark	t E n m a r_0 k
dennis	t E n I s
dental	t E n_0 t a l
den	t E n
denver	t E n v E r
deportivo	t E: p_h O r_0 t I v O
depp	t E h p
derek	t E: r E k
desert	t E s 9 r_0 t
details	t i: t_h ei l s
detroit	t i t_h r Oi t
device	t E v ai: s
devil	t E v I l
dew	t j u:
dhabi	t a: p I
diamond	t ai: m O n t
diam	t i: a m
diaries	t ai j a r i s
diary	t ai j a r i
diaz	t i: j a s
didier	t I t i r
didn't	t I t n t
did	t I: t
died	t ai: t
dies	t ai: s
die	t ai:
diet	t ai j E t
difference	t I f E r E n s
difficult	t I f I k_h u l_0 t
digital	t I t j I t_h a l
dig	t I k
dijk	t ai: k
dimitar	t I: m I t a r
dinamo	t ai: n a m ou
dineout	t ai: n au t
dinner	t I n E r
dion	t i j O n
directions	t I r E x s j O n s
direct	t I r E x t
dirk	t 9 r_0 k
dirty	t 9 r_0 t i
discord	t i s k O r t
disco	t I s k ou
disney	t I s t n ei
disney+	t I s t n ei p_h l u s
display	t I s p l ei
distance	t I s t a n s
district	t I s t r I x t
djurgården	t j Y r_0 k O r t E n
docs	t O k s
doctor	t O x t O r
documents	t O c u m E n_0 t s
doesn't	t 9 s n t
does	t 9 s
dogs	t O k s
dog	t O k
doing	t u: i N
dolls	t O l s
dominic	t O: m I n I k
domino's	t ou: m i n ou s
dominos	t ou: m i n ou s
donalds	t ou: n a l t s
donald	t ou: n a l t
donetsk	t ou n E t s k
donuts	t ou: n 9 t s
doors	t O: r_0 s
door	t O: r
dortmund	t O r_0 t m Y n t
dot	t O h t
double	t 9 p u l
doubt	t au: t
douglas	t 9 k l a s
downey	t au: n i
download	t au: n l ou t
downtown	t au: n t_h au n
dow	t au:
dragons	t r a: k O n s
drag	t r a: k
draw	t r O:
dreams	t r i: m s
dream	t r i: m
dress	t r E s
drink	t r i N_0 k
driver	t r ai: v E r
drive	t r ai: v
driving	t r ai: v i N
drogba	t r O k p a
dropbox	t r O h p O k s
drops	t r O p s
drop	t r O p
drugs	t r 9 k s
drug	t r 9 k
drum	t r 9 m
dry	t r ai:
dubai	t u p ai
dublin	t 9 p l I n
duff	t 9 f
dumber	t 9 m E r
duncan	t 9 n_0 k a n
duolingo	t u: ou l i N k ou
duo	t u: ou
durant	t j u: r a n_0 t
duran	t u: r a n
during	t j u: r i N
dustin	t 9 s t I n
dust	t 9 s t
dutch	t 9 t s
duty	t j u: t i
dyer	t ai: E r
dying	t ai j i N
dyke	t ai: k
dynamo	t ai: n a m ou
each	i t s
eagle	i: k u l
eagles	i: k u l s
earlier	9 r l i 9 r
early	9 r l i
earn	9 r n
earth	9 r T
earthquake	9 r T k_h v ei k
earthquakes	9 r T k_h v ei k s
eastern	i s t E r n
east	i s t
easy	i: s i
easyjet	i: s i t j E t
easypark	i: s i p_h a r_0 k
eating	i: t i N
eat	i: t
ebay	i: p ei
ebbing	E p i N
echo	E h k ou
echoes	E h k ou s
eddie	E t i
ed	E t
edgar	E t k a r
edge	E t s
edin	E: t I n
editor	E: t I t_h O r
edward	E t v a r t
edwards	E t v a r t s
effort	E f O r_0 t
efforts	E f O r_0 t s
eight	ei: t
either	i: D E r
ejub	E: j u p
elephant	E l E f a n_0 t
ellen	E l E n
elliott	E l I O h t
else	E l s
elton	E l_0 t O n
elvis	E l v I s
emily	E m I l i
emirates	E m I r ei t s
empire	E m p_h ai r
ended	E n t E t
end	E n t
endif	E n t i f
ending	E n t i N
endless	E n t l E s
enemy	E n E m i
energy	E n E r t s j i
engine	E n t s j I n
engines	E n t s j I n s
english	ei N l I s
entered	E n_0 t E r t
enter	E n_0 t E r
enterprise	E n_0 t E r_0 p_h r ai s
enterprises	E n_0 t E r_0 p_h r ai s E s
entertainment	E n_0 t E r_0 t_h ei n m E n_0 t
entry	E n_0 t r i
epic	E p_h I k
epstein	E p s t i n
equal	i: k_h v a l
equity	E k v I t i
erdogan	E r t ou k a n
eric	E: r I k
eriksson	E: r I k s O n
ernest	E r n E s t
ernie	9 r n i
esa	E: s a
espanyol	E s p a n j O l
essen	E s E n
essien	E s i j E n
estimated	E s t I m ei t E t
ethernet	E T E r n E t
euro	j u: r ou
european	j u: r ou p i a n
europe	j u: r ou p
europol	j u: r ou p_h ou l
eurostat	j u: r ou s t a t
eurovision	j u: r ou v I s j O n
evans	E v a n s
eve	i: v
evening	i: v n i N
even	i: v E n
everest	E v E r E s t
ever	E v E r
everton	E: v E r_0 t O n
everybody	E v r i p O t i
every	E v r i
everyone	E v r i v O n
everywhere	E v r i v E r
evidence	E v I t E n s
evil	i: v I l
excel	E k s E l
excellence	E k s E l E n s
ex	E k s
exeter	E: k s E t E r
experience	E k s p i r i j E n s
expo	E k s p ou
export	E k s p O r_0 t
express	E k s p r E s
eye	ai:
eyed	ai: t
eyeliner	ai: l ai n E r
eyes	ai: s
émilie	E: m I l i
fabian	f a: p i j a n
fabio	f a: p i ou
fabregas	f a p r E k a s
facebook	f ei: s p u k
face	f ei: s
faces	f ei: s E s
facewidgets	f ei: s v I t s j E t s
fact	f a x t
factor	f a x t O r
factors	f a x t O r_0 s
factory	f a x t O r i
facts	f a x t s
failed	f ei: l t
fail	f ei: l
failure	f ei: l j u r
fair	f E: r
faith	f ei: T
fake	f ei: k
fallen	f O: l E n
falling	f O: l i N
false	f O l s
falun	f a: l u n
fame	f ei: m
families	f a: m I l i s
family	f a: m I l i
famous	f ei: m 9 s
fancy	f a n s i
fan	f a: n
fans	f a: n s
fantasy	f a n_0 t a s i
fao	f a: ou
farmers	f a r m E r_0 s
farms	f a r m s
fashion	f a s j O n
fate	f ei: t
fat	f a t
father	f a: D E r
fathers	f a: D E r_0 s
fault	f O l_0 t
favourite	f ei: v O r I t
faye	f ai j E
fbi	E f p i ai
fear	f i: r
feat	f i: t
feature	f i: t j Y r
features	f i: t j Y r s
featuring	f i: t j Y r i N
february	f E p r u a r i
federer	f E: t E r E r
feed	f i: t
feedback	f i: t p a h k
fee	f i:
feel	f i: l
feeling	f i: l i N
feels	f i: l s
feet	f i: t
fe	f E:
felipe	f E: l i p_h E
fellow	f E l ou
felt	f E l_0 t
female	f i: m ei l
ferguson	f E r k Y s O n
fever	f i: v E r
fia	f i: j a
fiction	f I k s j O n
field	f i l t
fields	f i l t s
fifa	f i: f a
fifth	f I f T
fighter	f ai: t E r
fighters	f ai: t E r_0 s
fight	f ai: t
fighting	f ai: t i N
figure	f I k j u r
figures	f I k j u r s
file	f ai: l
film	f I l m
films	f I l m s
finally	f ai: n a l i
finals	f ai: n a l s
finance	f ai: n a n s
financial	f ai: n a n s i a l
finder	f ai n t E r
find	f ai n t
fine	f ai: n
fiorentina	f j O r E n t_h i n a
firefox	f ai j E r_0 f O k s
fire	f ai j E r
firebase	f ai j E r p ei s
firm	f 9 r m
first	f 9 r_0 s t
fischer	f I s j E r
fisher	f I s j E r
fisheries	f I s j E r i s
fish	f I s
fishing	f I s j i N
fissure	f I s j u r
fitbit	f I h t p I h t
fitch	f I t s
five	f ai: v
flag	f l a k
flaming	f l ei: m i N
flash	f l a s
flat	f l a t
fleet	f l i: t
fleetwood	f l i t v u t
fletcher	f l E t s j E r
flight	f l ai: t
flights	f l ai: t s
flood	f l O t
floor	f l O: r
florida	f l O: r I t a
flower	f l au: E r
flowers	f l au: E r_0 s
flow	f l ou:
floyd	f l Oi t
fly	f l ai:
flying	f l ai j i N
flynn	f l I n
focus	f ou: k Y s
folk	f ou l_0 k
followed	f O l ou t
follow	f O l ou
following	f O l ou i N
follows	f O l ou s
font	f O n_0 t
food	f u: t
foods	f u: t s
fool	f u: l
football	f u t p O l
foot	f u t
forbes	f O r p s
forced	f O r s t
force	f O r s
forces	f O r s E s
forecast	f O: r_0 k_h a s t
foreign	f O: r ei n
forest	f O: r E s t
formed	f O r m t
former	f O r m E r
formula	f O r m u l a
fortress	f O r_0 t_h r E s
fortune	f O r_0 t j u n
fortunescope	f O r_0 t j u n s k ou p
forward	f O r v a r t
foster	f O s t E r
founded	f au: n t E t
found	f au: n t
four	f O: r
fourth	f O r T
foxes	f O k s E s
fox	f O k s
fra	f r a:
france	f r a n s
francis	f r a n s I s
francois	f r a n s u a
franklin	f r a N_0 k l I n
fraser	f r ei: s E r
fraud	f r O: t
freedom	f r i: t O m
free	f r i:
freestyle	f r i: s t ai l
fresh	f r E s
friday	f r ai: t ei
friend	f r E n t
friendly	f r E n t l i
friends	f r E n t s
fringe	f r I n t s
from	f r O m
front	f r O n_0 t
frozen	f r ou: s E n
fuck	f 9 h k
fucking	f 9 h k i N
fu	f u:
fulham	f u l h a m
fully	f u l i
funding	f 9 n t i N
funds	f 9 n t s
funeral	f j u: n E r a l
fun	f 9 n
funk	f 9 N_0 k
funkin	f 9 J_0 c I n
funny	f 9 n i
fur	f 9: r
furious	f j u: r i j Y s
furniture	f 9 r n I t j 9 r
fury	f j u: r i
fusion	f j u: s j O n
future	f j Y: t j 9 r
gaal	k a: l
gabriel	k ei: p r i E l
gaddafi	k a t a f i
gaga	k a: k a
galatasaray	k a: l a t_h a s a r ei
galaxy	k a: l a k s i
gal	k a: l
gallagher	k a l a c E r
gallas	k a l a s
gallery	k a l E r i
game	k ei: m
games	k ei: m s
garden	k a r t E n
gareth	k a r E T
garner	k a r n E r
gary	k a: r i
gate	c ei: t
gates	c ei t s
gave	c ei: v
gay	c ei:
gees	t j i: s
gender	t j E n t E r
general	c E: n E r a l
generally	t j E n E r a l i
generation	t j E n E r ei s j O n
gene	t j i: n
genius	t j i: n i j Y s
gentle	t j E n_0 t u l
geoffrey	t j E f r i
george	t j O r t s
gerald	c E: r a l t
gerard	c E: r a r t
german	t j 9 r m a n
germany	t j 9 r m a n i
gerrard	t j E r a r t
gets	c E t s
getting	c E h t i N
getty	c E h t i
ghosts	k ou s t s
giant	t j ai: a n_0 t
gibbs	c I p s
gibson	c I p s O n
gilles	c I l s
gillingham	t j I l i N h a m
girl	k 9 r l
girls	k 9 r l s
give	c I v
given	c I v E n
gives	c I v s
giving	c I v i N
glacial	k l ei: s j a l
glaciers	k l ei: s j E r_0 s
glamour	k l a: m u r
glance	k l a n s
glasgow	k l a s k ou
glass	k l a s
glen	k l E n
glenn	k l E n
global	k l ou: p a l
globe	k l ou: p
globes	k l ou: p s
glory	k l O: r i
glow	k l ou:
gmail	c E: m ei l
goal	k ou: l
goals	k ou: l s
god	k O t
gods	k O t s
goes	k ou: s
going	k ou: i N
go	k ou:
golden	k ou l t E n
gold	k ou l t
goldman	k ou l t m a n
golfbox	k O l v p O k s
gone	k O n
gong	k O N
gonna	k O n a
goodbye	k Y t p ai
goodison	k Y t I s O n
goodreads	k u t r i t s
google	k u k u l
goran	k O: r a n
gordon	k O r t O n
gore	k O: r
gospel	k O s p E l
government	k O v E r n m E n_0 t
gps	k j E: p_h j E E s
grace	k r ei: s
graeme	k r ei: m
graham	k r ei: a m
grammarly	k r a m a r l i
grammophon	k r a m ou f ou n
grande	k r a n t E
grapevine	k r ei: p v ai n
gray	k r ei:
greater	k r ei: t E r
greatest	k r ei: t E s t
great	k r ei: t
greece	k r i: s
greek	k r i k
green	k r i: n
greenland	k r i: n l a n t
greg	k r E k
gregory	k r E: k O r i
griffin	k r I f I n
grimsby	k r I m s p i
grindr	k r ai n t E r
grizzlies	k r I s l i s
ground	k r au: n t
group	k r u h p
groups	k r u p s
growing	k r ou: i N
grow	k r ou:
growth	k r ou: T
guantánamo	k v a n t_h a n a m O
guarantee	k a: r a n_0 t i
guardian	k a r t i a n
guard	k a r t
guaraní	k u: r a n i
guesthouse	c E s t h au s
guests	c E s t s
guide	k ai: t
guild	c I l t
guilty	c I l_0 t i
guinness	c I n E s
gun	k 9 n
gunn	k 9 n
guru	k u: r u
gus	k Y s
gut	k 9 t
guy	k ai:
guys	k ai: s
gym	t j I m
haag	h a: G
had	h E t
hair	h E: r
half	h a l f
hallows	h a l ou s
hamburger	h a m p 9 r k E r
hamilton	h a: m I l t_h O n
hammarby	h a m a r_0 p i
hammond	h a m O n t
hand	h a n t
hands	h a n t s
hangout	h a N au t
hangover	h a N ou v E r
hannah	h a n a
happened	h a h p E n t
happen	h a h p E n
happening	h a h p E n i N
happens	h a h p E n s
happiness	h a h p i n E s
happy	h a h p i
harbour	h a r p O r
hardcore	h a r t k_h O r
harden	h a r t E n
hard	h a r t
hardy	h a r t i
hargreaves	h a r k r i v s
har	h a r
hari	h a: r i
harper	h a r_0 p E r
harrington	h a r i N t_h O n
harry	h a r i
harvard	h a r v a r t
harvest	h a r v E s t
harvey	h a r v i
has	h a s
hateful	h ei: t f u l
hate	h ei: t
hat	h a t
have	h E v
hawks	h O: k s
hawthorns	h O: f T O r n s
hazard	h a: s a r t
head	h E t
heading	h E t i N
heads	h E t s
headspace	h E t s p ei s
healthcare	h E l T c_h E r
health	h E l T
healthy	h E l T i
heard	h 9 r t
hear	h i: r
heart	h a r_0 t
hearts	h a r_0 t s
heather	h E D E r
heat	h i: t
heaven	h E v E n
heavy	h E v i
heerenveen	h E: r E n v E n
heidi	h ai: t i
height	h ai: t
heights	h ai: t s
helicopter	h E l I k_h O p t E r
hell	h E l
hello	h E l ou
hells	h E l s
helped	h E l_0 p t
help	h E l_0 p
helsingborg	h E l s i N k p O r k
henderson	h E n t E r_0 s O n
henry	h E n r i
herald	h E: r a l t
here	h i: r
here's	h i: r_0 s
heritage	h E: r I t_h E t s
heroes	h i: r ou s
hero	h i: r ou
he's	h i: s
heskey	h E s k i
hibernian	h I p E r n i j a n
hidden	h I t E n
higher	h ai: E r
highest	h ai: E s t
high	h ai:
highlands	h ai: l a n t s
highlight	h ai: l ai t
highly	h ai: l i
highway	h ai: v ei
hillary	h I l a r I
hill	h I l
hills	h I l s
hilton	h I l_0 t O n
him	h I m
his	h I s
history	h I s t O r i
hit	h I t
hits	h I t s
hobbit	h O p I t
hodgson	h O t s O n
hoffenheim	h O f E n h ai m
hold	h ou l t
holding	h ou l t i N
holdings	h ou: l t i N s
holiday	h O l I t ei
holidays	h O l I t ei s
hollande	h O l a n t
hollywood	h O l i v u t
holmes	h ou l m s
holy	h ou: l i
home	h ou: m
homes	h ou: m s
homo	h ou: m ou
homs	h O m s
honey	h O n i
hong	h O N k
honor	O: n O r
hooves	h u: v s
hope	h ou: p
hop	h O p
horizon	h O r ai: s O n
hornets	h O r n E t s
horse	h O r_0 s
horses	h O r_0 s E s
hospital	h O s p I t a l
hostel	h O s t E l
hostels	h O s t E l s
host	h ou s t
hotel	h ou t_h E l
hotels	h ou t_h E l_0 s
hot	h O t
hotspur	h O t s p 9 r
hours	au: Y r_0 s
house	h au: s
houses	h au: s E s
housewives	h au: s v ai v s
housing	h au: s i N
houston	C u s t O n
howard	h au: a r t
huddersfield	h 9 t E r_0 s f i l t
hudson	h 9 t s O n
huffington	h 9 f i N t_h O n
huge	h j u: t s
hughes	C u: s
hugh	h j u:
hugo	h u: k ou
human	h j u: m a n
hummus	h Y m Y s
hunger	h 9 J c E r
hunter	h 9 n_0 t E r
hunt	h 9 n_0 t
hunting	h 9 n_0 t i N
hurt	h 9 r_0 t
husband	h 9 s p a n t
hussein	h u s ei n
hustle	h 9 s u l
hut	h 9 t
hybrid	h ai p r I t
hydro	h ai t r ou
häkkinen	h E h c I n E n
ian	i: a n
ibrahim	i p r a h I m
ibrahimovic	i p r a h i m O v I t s
icelandair	ai: s l a n t E r
iceland	ai: s l a n t
icelandic	ai: s t l a n t I k
ices	ai s E s
icesave	ai s ei f
icon	ai: k_h O n
id	ai: t i
i'd	ai t
identification	ai t E n_0 t I f I c_h ei: s j O n
identify	ai t E n_0 t I f ai
idol	ai: t O l
if	I f
ifs	I f s
i'll	ai l
illinois	I l I n Oi
image	I m E t s
images	I m E t s E s
im	I: E m
impact	I m p_h a x t
implant	I m p_h l a n_0 t
improve	I m p_h r u: v
inch	I n t s
incident	I n s I t E n_0 t
inc	i N k
income	I N k_h O m
increase	I N k_h r i s
independent	I n t E p_h E n t E n_0 t
index	I n t E k s
india	I n t i j a
indiana	I n t i a n a
indian	I n t i j a n
indie	I n t i
indigo	I n t I k ou
industries	I n t 9 s t r i s
industry	I n t 9 s t r i
influence	I n f l u E n s
info	I n f ou
information	I n f O r m ei s j O n
infrastructure	I n f r a s t r 9 k t j Y r
iniesta	I n i: j E s t a
in	I n
injured	I n t j Y r t
instagram	I n s t a k r a m
instance	I n s t a n s
instant	I n s t a n_0 t
institute	I n s t I t_h Y t
instrument	I n s t r u m E n_0 t
instruments	I n s t r u m E n_0 t s
interested	I n_0 t r E s t E t
interest	I n_0 t r E s t
interesting	I n_0 t r E s t i N
interests	I n_0 t r E s t s
international	I n_0 t E r n a s j O n a l
interpol	I n_0 t E r_0 p_h ou l
interpreter	I n_0 t E r_0 p_h r E t E r
interview	I n_0 t E r v j u
into	I n t_h u
invest	I n v E s t
investment	I n v E s t m E n_0 t
investments	I n v E s t m E n_0 t s
iowa	ai: ou a
ipad	ai: p_h a t
iphone	ai f ou n
ipod	ai: p_h O t
ipswich	I p s v I t s
irish	ai: r I s
irishman	ai: r I s m a n
iron	ai: r O n
irvine	9 r v ai: n
irving	9 r v i N
iréne	i: r E n E
isavia	i s a v i a
isis	i: s I s
is	I s
island	ai: l a n t
islands	ai: l a n t s
israel	I s r a E l
issued	I s j u t
issue	I s j u
issues	I s j u s
italy	I t_h a l i
it	I t
its	I t s
ivan	ai: v a n
i've	ai: v
jackson	t j a h k s O n
jack	t j a h k
jagger	t j a k E r
jaguar	t j a: k u a r
jake	t j ei: k
james	t j ei m s
jamie	t j ei: m i
jane	t j ei: n
jan	t j a: n
january	t j a: n u a r i
jar	t j a: r
jay	t j ei:
jazz	t j a s
jean	t j i n
jedi	t j E t ai
jefferson	t j E f E r_0 s O n
jeffrey	t j E f r i
jeffs	t j E f s
jeff	t j E f
jenkins	t j E J_0 c I n s
jenner	t j E n E r
jennifer	t j E n i f E r
jenny	t j E n i
jenson	j E n s O n
jen	t j E n
jerry	t j E r i
jersey	j 9 r_0 s i
jesse	t j E s i
jessica	t j E s I k a
jesus	t j i: s 9 s
jet	t j E t
jewels	t j u: l s
jimmy	t j I m i
jimmý	t j I m i
jim	t j I m
joan	t j ou: n
jobs	t j O p s
job	t j O p
joel	t j ou: l
joe	t j ou:
joey	t j ou: i
johannessen	j ou: h a n E s E n
johnny	t j O n i
johnson	t j O n s O n
johns	t j O n s
john	t j O n
joined	t j Oi n t
joining	t j Oi n i N
join	t j Oi n
joint	t j Oi n_0 t
joly	j ou: l i
jonathan	t j O n a T a n
jones	t j ou n s
jonny	t j O n i
jon	t j O n
jordan	j O r t a n
joseph	t j ou s E f
josh	t j O s
joshua	t j O s u a
jo	t j ou:
journalists	t j 9 r n a l I s t s
journalist	t j 9 r n a l I s t
journal	t j 9 r n a l
journey	t j 9 r n i
joy	t j Oi
judges	t j 9 t s E s
judge	t j 9 t s
juice	t j u: s
julia	j u: l i j a
julian	j u: l i a n
julie	t j u: l i
juncture	t j 9 n_0 t j u r
june	t j u: n
jungle	t j 9 N k u l
junior	t j u: n i j O r
justice	t j 9 s t I s
justin	t j 9 s t I n
just	t j 9 s t
kahoot	k_h a h u: t
kam	k_h a: m
kane	k_h ei: n
kansas	k_h a n s a s
kante	k_h a n_0 t E
kanye	k_h a: n j a
kardashian	k_h a r t a s i a n
karim	k_h a: r i m
kasparov	k_h a s p a r O v
kasper	k_h a s p E r
kate	c_h ei: t
katie	c_h ei: t i
katy	k_h ei: t i
keane	c_h i: n
keegan	c_h i: k a n
keep	c_h i p
keeping	c_h i p i N
keith	c_h i T
kelly	c_h E l i
ken	c_h E: n
kennedy	c_h E n E t i
kenneth	c_h E n E T
kenny	c_h E n i
kent	c_h E n t
kept	c_h E p t
kerr	c_h E r
kerry	c_h E r i
kevin	c_h E v I n
keyboard	c_h i: p O r t
key	c_h i:
keys	c_h i: s
khan	k h a: n
kia	c_h i: j a
kick	c_h I h k
kid	c_h I: t
kidman	c_h I t m a n
kids	c_h I t s
kiel	c_h i l
kieran	c_h E: r a n
kill	c_h I l
killed	c_h I l t
killer	c_h I l E r
killers	c_h I l E r_0 s
killing	c_h I l i N
kim	c_h I m
king	c_h i N k
kingdom	c_h i N t O m
king's	c_h i N s
kings	c_h i N s
kinks	c_h i N_0 k s
kiss	c_h I s
kitchen	c_h I t s j E n
kit	c_h I t
kitty	c_h I h t i
klan	k_h l a: n
klaus	k_h l au: s
klopp	k_h l O h p
klubs	k_h l 9 p s
klux	k_h l u: k s
knew	n j u:
knicks	n I h k s
knife	n ai: f
knight	n ai: t
knowledge	n O l E t s
knows	n ou: s
kobe	k_h ou p i
kolo	k_h O l ou
kompany	k_h O m_0 p a n i
kong	k_h O N k
kris	k_h r I s
krispies	k_h r I s p i s
kristen	k_h r I s t E n
ku	k_h u:
kunst	k_h u n s t
kyle	k_h ai: l
kylie	k_h ai: l i
köln	k_h 9 l n
label	l ei: p E l
labour	l ei: p 9 r
labs	l a p s
lack	l a h k
laden	l ei: t E n
ladies	l ei: t i s
lady	l ei: t i
laertíos	l E r_0 t_h i O s
l	ai:
lake	l ei: k
lakers	l ei: c_h E r_0 s
lambert	l a m p E r_0 t
lampard	l a m p_h a r t
lancet	l a n s E t
landscape	l a n t s k ei p
lane	l ei: n
language	l a N k v E t s
languages	l a N k v E t s E s
larger	l a r t s E r
largest	l a r t s E s t
larry	l a r i
laser	l ei: s E r
late	l ei: t
later	l ei: t E r
latest	l ei: t E s t
latin	l a t I n
latte	l a h t E
launcher	l O n t s E r
laura	l O: r a
lauren	l O: r E n
lava	l a: v a
law	l O:
lawrence	l O: r E n s
laws	l O: s
lay	l ei:
lazer	l ei: s E r
leader	l i: t E r
leadership	l i: t E r_0 s j I p
leaders	l i: t E r_0 s
leading	l i: t i N
lead	l i: t
leaf	l i: f
league	l i: k
learning	l 9 r n i N
learn	l 9 r n
lease	l i: s
leasing	l i: s i N
least	l i s t
leave	l i: v
leaves	l i: v s
leaving	l i: v i N
lebron	l E p r O n
led	l E t
leeds	l i t s
lee	l i:
left	l E f t
legacy	l E k a s i
legal	l i: k a l
legend	l E t s E n t
legends	l E t s E n t s
leg	l E k
lego	l E: k ou
leicester	l E s t E r
leigh	l i:
leisure	l E s j Y r
lemgo	l E m k ou
lemon	l E m O n
lennon	l E n O n
leo	l i: j ou
leonard	l E O n a r t
leonardo	l E O n a r t ou
leroy	l i: r Oi
less	l E s
let	l E t
let's	l E t s
lets	l E t s
letter	l E h t E r
letters	l E h t E r_0 s
levante	l E: v a n_0 t E
levels	l E v E l s
leverkusen	l E: v E r k_h Y s E n
levy	l E: v i
lewis	l u: I s
lexus	l E k s u s
liam	l i: j a m
library	l ai p r a r i
lie	l ai:
lies	l ai: s
life	l ai: f
liga	l i: k a
lighthouse	l ai: t h au s
light	l ai: t
lightning	l ai: t n i N
lights	l ai: t s
like	l ai: k
likely	l ai: k l i
likes	l ai: k s
lilleström	l I l E s t r 9 m
limited	l I m I t E t
limit	l I m I t
lincoln	l i N k_h O n
lindsay	l I n t s i
line	l ai: n
liner	l ai: n E r
lingard	l i N k a r t
linings	l ai: n i N s
linkedin	l i N_0 k t I n
lionel	l ai O n E l
lion	l ai j O n
lip	l I p
lips	l I p s
lisa	l i: s a
listen	l I s E n
list	l I s t
little	l I h t 9 l
liu	l i j u
lived	l I v t
live	l ai: v
liver	l I v E r
liverpool	l I: v E r_0 p_h u l
lives	l ai: v s
liv	l I: v
lloyd	l Oi t
loan	l ou: n
loans	l ou: n s
lobster	l O p s t E r
local	l ou: k a l
locals	l ou: k a l s
locker	l O h k E r
logos	l ou: k O s
lohan	l ou: h a n
lokomotiv	l ou: k ou m ou t I v
lone	l ou: n
lonely	l ou n l i
longer	l O N E r
long	l O N
looked	l u k t
looking	l u k i N
look	l u k
looks	l u k s
loose	l u s
lopez	l ou: p_h E s
lord	l O r t
lose	l u: s
los	l O: s
loss	l O s
lost	l O s t
lotus	l ou: t_h u s
loud	l au: t
louisiana	l u: I s i j a n a
louis	l u: I s
loved	l O v t
love	l O v
lover	l O v E r
lovers	l O v E r_0 s
loves	l O v s
loving	l O v i N
lovren	l O v r E n
lower	l ou: E r
low	l ou:
lp	E t l_0 p_h j E
ltd	l I m I t E t
lucas	l u: k_h a s
luck	l 9 h k
lucky	l 9 h k i
luis	l u: I s
luiz	l u i s
luka	l u: k a
luke	l u: k
lum	l 9 m
lunch	l 9 n t s
luton	l u: t O n
luxembourg	l 9 k s E m p 9 r k
luxury	l 9 k s j Y r i
lyngby	l i N p i
lyon	l i: O n
machine	m a s j i n
mac	m a k
macro	m a k r ou
madeleine	m a: t E l I n
made	m ei: t
madison	m a t I s O n
mad	m a: t
madness	m a t n E s
magdeburg	m a G t E p Y r k
magic	m a t j I k
magma	m a k m a
magnitude	m a k n I t j u t
mahmoud	m a x m u t
maiden	m ei: t E n
mail	m ei: l
main	m ei: n
mainstream	m ei: n s t r i m
major	m ei: t j O r
make	m ei: k
makes	m ei: k s
makeup	m ei: k 9 p
making	m ei: k i N
malaga	m a: l a k a
male	m ei: l
mamadou	m a: m a t u
mama	m a: m a
managed	m a: n E t s t
manage	m a: n E t s
management	m a: E t s m E n_0 t
manager	m a: n a t s E r
manchester	m a n t j E s t E r
mandela	m a n t E l a
mane	m a: n E
mango	m a N k ou
manhattan	m a n h a h t a n
manitoba	m a: n I t_h ou p a
manner	m a n E r
manning	m a n i N
manuel	m a: n u E l
many	m E: n i
map	m a p
maps	m a p s
maradona	m a r a t O n a
marc	m a r_0 k
marco	m a r k ou
marcus	m a r_0 k u s
mare	m E: r
mares	m E: r s
margaret	m a r k a r E t
margin	m a r t s I n
maria	m a r I a
maribor	m a: r i p O r
marie	m a r i
marketing	m a r_0 k E t i N
market	m a r_0 k E t_h
markets	m a r_0 k E t s
markings	m a r_0 k i N s
markle	m a r_0 k u l
marriage	m a r E t s
marshall	m a r_0 s j a l
martha	m a r_0 T a
martial	m a r_0 s j a l
martian	m a r_0 s j a n
maryland	m a: r i l a n t
mary	m E: r i
mask	m a s k
mason	m ei: s O n
massachusetts	m a s a t j u s E h t s
massacre	m a s a k 9 r
massive	m a s I v
mass	m a s
master	m a s t E r
masters	m a s t E r_0 s
match	m a t s
matrix	m ei: t_h r I k s
matters	m a h t E r_0 s
matthew	m a T j u:
matt	m a h t
mavericks	m a: v E r I h k s
max	m a k s
maybe	m ei: p i
mayen	m ai j E n
may	m ei:
mayor	m ei j O r
mayweather	m ei v E D E r
mazda	m a s t a
mbappe	E m p a h p E
mccarthy	m a h k a r_0 T i
mccartney	m a k a r_0 t n i
meaning	m i: n i N
mean	m i: n
meant	m E n_0 t
measured	m E s j Y r t
measure	m E s j Y r
measures	m E s j Y r_0 s
meat	m i: t
media	m i: t i a
medical	m E: t I k a l
meditation	m E: t I t_h ei s j O n
medium	m i: t i j Y m
med	m E: t
meeting	m i: t i N
meetings	m i: t i N s
meet	m i: t
megan	m E: k a n
meghan	m E: k a n
melbourne	m E l p O r n
mellon	m E l O n
mel	m E l
member	m E m p E r
membership	m E m p E r_0 s j I p
members	m E m p E r_0 s
meme	m i: m
memories	m E m O r i s
memory	m E m O r i
mendes	m E n t E s
men's	m E n s
mental	m E n_0 t a l
mentioned	m E n s j O n t
mention	m E n s j O n
merkel	m E r_0 k E l
message	m E s E t s
messages	m E s E t s E s
messenger	m E s E n t s j E r
mess	m E s
mesut	m E: s u t
metal	m E: t a l
metals	m E: t a l s
meters	m i: t E r_0 s
method	m E T O t
methods	m E T O t s
metres	m i: t E r_0 s
metro	m E t r ou
meyer	m ai j E r
mia	m i: j a
miami	m ai j a m I
michael	m ai: k_h u l
michaels	m ai: k_h u l s
michigan	m I s j i k a n
microchip	m ai k r ou t s j I p
micro	m ai: k r ou
microsoft	m ai: k r O s O f t
middle	m I t u l
middleton	m I t u l t_h O n
midnight	m I t n ai t
midsummer	m I t s 9 m E r
mika	m i: k_h a
mikel	m I k E l
mike	m ai k
mile	m ai: l
miles	m ai: l s
milestone	m ai l s t ou n
miley	m ai: l i
military	m I l I t_h E r i
milk	m I l_0 k
miller	m I l E r
million	m I l j O n
mills	m I l s
milner	m I l n E r
mind	m ai n t
minds	m ai n t s
mine	m ai: n
minerals	m I n E r a l s
mini	m i: n i
minimum	m I n I m Y m
mining	m ai: n i N
minister	m I n I s t E r
ministry	m I n I s t r i
minneapolis	m I n i a h p O l I s
minnesota	m I n E s ou t a
minor	m ai: n O r
minute	m I n I t
minutes	m I n I t s
miracle	m I r a k u l
mirror	m I r O r
missing	m I s i N
mission	m I s j O n
mitchell	m I t s j E l
mix	m I k s
mobile	m ou: p ai l
mobil	m ou: p i l
model	m O t E l
mode	m ou: t
modern	m O t E r n
mogensen	m ou: E n s E n
mohamed	m ou h a m E t
mohammed	m ou h a m E t
moment	m ou: m E n_0 t
moms	m O m s
monaco	m ou n a k ou
money	m O n i
monitoring	m O n I t O r i N
monkey	m O N_0 k i
monkeys	m O N_0 k i s
monroe	m O n r ou
monster	m O n s t E r
monsters	m O n s t E r_0 s
mood	m u: t
moody's	m u: t i s
moon	m u: n
moore	m O: r
moral	m O: r a l
more	m O: r
morgan	m O r k a n
morning	m O r n i N
morris	m O r I s
moscow	m O s k ou
moses	m ou: s E s
mostly	m ou s t l i
most	m ou s t
mother	m O D E r
motion	m ou: s j O n
motors	m ou: t_h O r_0 s
mountain	m au n_0 t ei n
mountains	m au n_0 t ei n s
mourinho	m u: r I n O
mouse	m au: s
moussaieff	m u s a j E f
moussa	m u s a
mouth	m au: T
moved	m u: v t
movement	m u: v m E n_0 t
movements	m u: v m E n_0 t s
move	m u: v
movie	m u: v i
movies	m u: v i s
moving	m u: v i N
moyes	m Oi s
mr	m I s t 9 r
ms	E m E s
mubarak	m u: p a r a k
much	m 9 t s
murderer	m 9 r t E r E r
murder	m 9 r t E r
murders	m 9 r t E r_0 s
murphy	m 9 r_0 f I
murray	m 9 r ei
musical	m j u: s I k a l
music	m j u: s I k
musk	m 9 s k
must	m 9 s t
my	m ai:
mystery	m I s t E r i
nachos	n a t s j O s
nails	n ei l s
naked	n ei: c E t
named	n ei: m t
name	n ei: m
names	n ei: m s
nancy	n a n s i
nani	n a: n i
nasdaq	n a s t a k
nash	n a s
nast	n a s t
natalie	n a t_h a l i
nathan	n ei: T a n
national	n a s j O n a l
nation	n ei: s j O n
nations	n ei: s j O n s
nato	n a t ou
naturally	n a t_h j u r a l i
natural	n a t_h j u r a l
nature	n ei: t_h j 9 r
navigation	n a v I c ei s j O n
nbc	E n p j E s j E
near	n i: r
necessary	n E s E s E r i
needed	n i: t E t
need	n i: t
needs	n i: t s
negative	n E k a t_h I v
neil	n i l
neo	n i: j ou
nest	n E s t
netflix	n E h t f l I k s
netherlands	n E D E r l a n t s
nets	n E: t s
network	n E t v 9 r_0 k
neutral	n j u: t_h r a l
never	n E: v E r
neville	n E: v I l
new	n j u:
newcastle	n j u: k_h a s u l
news	n j u:
newspaper	n j u: s p_h ei p E r
next	n E k s t
neymar	n ei: m a r
nice	n ai: s
nick	n I h k
nicolas	n I k ou l a s
nico	n i k ou
nigel	n ai t j E l
night	n ai: t
nights	n ai: t s
nike	n ai: k
nikolaj	n I: k_h O l a j
nikola	n I k_h O l a
nine	n ai: n
ni	n i:
nipple	n I h p u l
nissan	n I s a n
nixon	n I k s O n
no	n ou:
noah	n ou: a h
nobody	n ou: p O t i
noise	n Oi s
nokia	n ou: c_h i a
nolan	n ou: l a n
none	n O n
noona	n u: n a
noon	n u: n
nordica	n O r t I k a
normal	n O r m a l
norman	n O r m a n
nor	n O r
northern	n O r D E r n
north	n O r_0 T
norway	n O r v ei
norwich	n O r v I t s
note	n ou: t
notes	n ou: t s
nothing	n O T i N
notice	n ou: t I s
nou	n au:
nova	n ou: v a
novator	n O: v a t_h O r
november	n ou: v E m p E r
now	n au:
nubo	n u: p ou
nuclear	n j u: k l i E r
nude	n j u: t
nuggets	n 9 k E t s
number	n 9 m p E r
numbers	n 9 m p E r_0 s
nun	n 9 n
nu	n u
nürnberg	n u r n p E r k
nuuk	n u: k_h
obama	ou p a: m a
obviously	O p v i j 9 s t l i
ocean	ou: s j a n
offered	O f E r t
offering	O f E r i N
offer	O f E r
offers	O f E r_0 s
office	O f I s
officer	O f I s E r
official	O f I s j a l
offshore	O f s j O r
offspring	O f s p r i N
often	O f t E n
ohio	ou: h ai j ou
oh	ou:
oil	Oi l
oklahoma	ou k l a h ou m a
ok	ou: k_h ei
older	ou l t E r
oldham	ou l t h a m
old	ou l t
oliver	ou: l i v E r
olivier	O l I v i E r
omar	ou: m a r
omega	ou: m E k a
omegle	ou m E k u l
once	v O n s
ondo	O n t ou
onedrive	v O n t r ai v
onenote	v O n ou t
ones	v O n s
one	v O n
ongoing	O n k ou i N
online	O n l ai n
only	ou n l i
ono	ou: n ou
onto	O n t_h u
opel	ou: p_h E l
opened	ou: p E n t
opening	ou: p E n i N
open	ou: p_h E n
opera	O p_h E r a
operating	O p E r ei t i N
option	O p s j O n
orange	O r E n t s
order	O r t E r
ordinary	O r t I n E r i
oregon	O: r E k O n
organ	O r k a n
orient	O: r i j E n_0 t
original	O r I t j I n a l
origi	O r I c i
orlando	O r l a n t ou
orleans	O r l i n s
or	O: r
osama	ou: s a m a
oscar	O s k a r
oslo	O s l ou
other	O D E r
others	O D E r_0 s
otherwise	O D E r v ai s
otto	O h t ou
our	au r
out	au t
outfitters	au t f I h t E r_0 s
outlook	au t l u k
outside	au t s ai t
overall	ou: v E r O l
over	ou: v E r
owen	ou: E n
owned	ou: n t
owners	ou: n E r_0 s
own	ou: n
oxford	O k s f O r t
pace	p_h ei: s
pacers	p_h ei: s E r_0 s
packers	p_h a h k E r_0 s
page	p_h ei: t s
paid	p_h ei: t
pain	p_h ei: n
paint	p_h ei n_0 t
pair	p_h E: r
palace	p_h a l a s
pale	p_h ei: l
palermo	p_h a: l E r m O
palin	p_h ei: l I n
palmer	p_h a l m E r
palm	p_h a l m
panama	p_h a n a m a
panda	p_h a n t a
panic	p_h a: n I k
panorama	p_h a: n O r a m a
pan	p_h a: n
panther	p_h a n T E r
pape	p_h ei: p
paper	p_h ei: p E r
papers	p_h ei: p E r_0 s
paradise	p_h a: r a t ai s
paragraph	p_h a: r a k r a f
parents	p_h a: r E n_0 t s
paris	p_h a: r I s
parker	p_h a r_0 c E r
parking	p_h a r_0 k i N
park	p_h a r_0 k
parliamentary	p_h a r l a m E n_0 t a r i
parliament	p_h a r l a m E n_0 t
parties	p_h a r_0 t i s
partner	p_h a r_0 t n E r
partnership	p_h a r_0 t n E r_0 s j I p
partners	p_h a r_0 t n E r_0 s
part	p_h a r_0 t
parts	p_h a r_0 t s
party	p_h a r_0 t i
passed	p_h a s t
passenger	p_h a s E n t s j E r
passengers	p_h a s E n t s j E r_0 s
passion	p_h a s j O n
paste	p_h ei s t
past	p_h a s t
path	p_h a T
patrick	p_h a t r I h k
patriots	p_h ei t r i j O t s
paulo	p_h au: l ou
paul	p_h O: l
payment	p_h ei: m E n_0 t
paypal	p_h ei: p_h a l
pay	p_h ei:
peace	p_h i: s
peak	p_h i k
pearl	p_h 9 r l
peas	p_h i: s
pedro	p_h E: t r O
pellegrini	p_h E l E k r i n i
pence	p_h E n s
penup	p_h E n 9 p
penélope	p_h E: n E l O p E
people	p_h i: p u l
pepe	p_h E p E
pepperoni	p_h E h p E r ou n i
peppers	p_h E h p E r_0 s
pep	p_h E h p
pepsi	p_h E p s i
perez	p_h E: r E s
perfect	p_h 9 r_0 f E x t
period	p_h i: r i j O t
perry	p_h E r i
persie	p_h E r_0 s i
personal	p_h 9 r_0 s O n a l
person	p_h 9 r_0 s O n
persons	p_h 9 r_0 s O n s
pete	p_h i: t
peterborough	p_h i: t_h E r p 9 r ou
peter	p_h i: t E r
peters	p_h i: t E r_0 s
petriella	p_h E: t_h r i E l a
pénelope	p_h E: n E l O p E
pfizer	f ai: s E r
phantom	f a n_0 t O m
pharma	f a r m a
phase	f ei: s
phelps	f E l_0 p s
philadelphia	f I l a t E l f i a
phil	f l l
philip	f I l I p
philippe	f I l I h p
phillips	f I l I p s
phoenix	p_h i: n i k s
phone	f ou: n
photo	f ou: t ou
photograph	f ou: t ou k r a f
photographs	f ou: t ou k r a f s
photos	f ou: t ou s
photoshop	f ou: t ou s j O p
physical	f I s I k a l
pick	p_h I h k
picture	p_h I k s j Y r
pictures	p_h I k s j Y r_0 s
picturethis	p_h I k s Y r D I s
piece	p_h i: s
pieces	p_h i: s E s
pierre	p_h i: j E r
pilot	p_h ai: l O t
pilots	p_h ai: l O t s
pink	p_h i N_0 k
pinterest	p_h I n_0 t E r E s t
pirate	p_h ai: r E t
pirates	p_h ai: r E t s
pistorius	p_h I s t O r i j Y s
placed	p_h l ei: s t
places	p_h l ei: s E s
plain	p_h l ei: n
plane	p_h l ei: n
planet	p_h l a: n E t
planned	p_h l a n t
planning	p_h l a n i N
plans	p_h l a n s
plant	p_h l a n_0 t
plastic	p_h l a s t I k
plate	p_h l ei: t
platform	p_h l a h t f O r m
playbook	p_h l ei p u k
played	p_h l ei: t
player	p_h l ei j E r
players	p_h l ei j E r_0 s
playing	p_h l ei j i N
play	p_h l ei:
please	p_h l i: s
pleasure	p_h l E: s j Y r
plenty	p_h l E n_0 t i
plus	p_h l 9 s
plymouth	p_h l I m 9 T
pm	p_h j E E m
podcast	p_h O t k_h a s t
podcasts	p_h O t k_h a s t s
pod	p_h O t
poetry	p_h ou E t_h r i
pogba	p_h O k p a
points	p_h Oi n_0 t s
polar	p_h ou: l a r
policy	p_h O l I s i
politics	p_h O l I t_h I k s
poll	p_h ou l
polly	p_h O l i
pompeo	p_h O m p_h E ou
pony	p_h O n i
pool	p_h u l
poor	p_h O: r
po	p_h ou
pop	p_h O p
popular	p_h O p u l a r
pork	p_h O r_0 k
por	p_h O r
porsche	p_h O r_0 s
portfolio	p_h O r_0 t f ou l i j ou
portland	p_h O r_0 t l a n t
porto	p_h O r_0 t ou
portrait	p_h O r_0 t r ei t
portsmouth	p_h O r_0 t s m O D
position	p_h O s I s j O n
positive	p_h O s I t_h I v
possibly	p_h O s I p l i
postal	p_h ou s t a l
posted	p_h ou: s t E t
post	p_h ou s t
potency	p_h O t E n s i
potter	p_h O h t E r
pour	p_h O: r
powder	p_h au: t E r
powell	p_h ou: E l
powerful	p_h au E r_0 f u l
practice	p_h r a x t I s
prayer	p_h r ei j E r
precious	p_h r E s j 9 s
prefix	p_h r i: f I k s
prejudice	p_h r E t j u t i s
premium	p_h r i m i j Y m
prepared	p_h r i p E r t
presence	p_h r E s E n s
present	p_h r E s E n_0 t
president	p_h r E s I t E n_0 t
presley	p_h r E s t l ei
press	p_h r E s
pressure	p_h r E s j 9 r
preston	p_h r E s t O n
pretty	p_h r i h t i
previously	p_h r i v i Y s l i
previous	p_h r i v i j Y s
price	p_h r ai s
prices	p_h r ai s E s
pride	p_h r ai t
priest	p_h r i s t
prime	p_h r ai m
primer	p_h r ai m E r
prince	p_h r I n s
princess	p_h r I n s E s
prison	p_h r I s O n
privacy	p_h r ai v a s i
private	p_h r ai v I t
prix	p_h r i:
prize	p_h r ai s
probably	p_h r O p a p l i
problem	p_h r O p l E m
problems	p_h r O p l E m s
process	p_h r O s E s
prodigy	p_h r O t I t j i
produce	p_h r O t u s
production	p_h r O t 9 x s j O n
product	p_h r O t 9 x t
products	p_h r O t u x t s
profile	p_h r ou: f ai l
programme	p_h r ou k r a m
program	p_h r ou k r a m
progress	p_h r O k r E s
projects	p_h r O t j E x t s
properties	p_h r O p E r_0 t i s
property	p_h r O p E r_0 t i
pro	p_h r ou:
proposed	p_h r O p ou: s t
prop	p_h r O p
protect	p_h r O t_h E x t
protein	p_h r O t_h i n
protest	p_h r O t E s t
protocol	p_h r ou t O k_h O l
proud	p_h r au t
psychology	s ai k_h O l O t j i
published	p_h 9 p l I s j t
publishing	p_h u p l I s j i N
pub	p_h 9 p
puffin	p_h 9 f I n
pulis	p_h u: l I s
pulled	p_h u l t
punk	p_h 9 N_0 k
pure	p_h j u r
purple	p_h 9 r_0 p u l
purpose	p_h u r_0 p O s
put	p_h u t
putting	p_h u h t i N
quality	k_h v a l I t i
quattro	k_h v a h t r ou
question	k_h v E s t j O n
questions	k_h v E s t j O n s
quest	k_h v E s t
qui	c_h i
quick	k_h v I h k
quickly	k_h v I h k l i
quiet	k_h v ai E t
quite	k_h v ai t
quiz	k_h v I s
quo	k_h v ou
rabbit	r a p I t
race	r ei s
rachel	r ei: t s j E l
racing	r ei s i N
radio	r ei t i j ou
raheem	r a h i m
raiders	r ei t E r_0 s
rainbow	r ei n p ou
rain	r ei n
raised	r ei s t
raise	r ei s
ralf	r a l f
rally	r a l i
ralph	r a l f
ram	r a m
ramsay	r a m s ei
ramsey	r a m s ei
randers	r a n t E r_0 s
random	r a n t O m
range	r ei n t s j
rangers	r ei n t j E r_0 s
ranieri	r a n i j E r i
ranking	r ei J_0 c i N
ran	r a n
rape	r ei p
raphael	r a f a E l
rapist	r ei p I s t
rare	r E r
rashford	r a s f O r t
rate	r ei t
rates	r ei t s
rather	r a D E r
ratings	r a t i N s
raw	r O:
raymond	r ei: m O n t
ray	r ei:
reached	r i t s t
reach	r i t s
reader	r i: t E r
reading	r i: t i N
read	r i: t
reads	r i: t s
ready	r E t i
reagan	r E: k a n
really	r i l i
realtime	r i: l t_h ai m
real	r E a: l
reason	r i: s O n
reasons	r i: s O n s
recently	r i s E n_0 t l i
recorded	r E k O r t E t
recordings	r E k O r t i N s
record	r E k_h O r t
records	r E k O r t s
reddit	r E t I t
redknapp	r E t n a h p
red	r E t
reed	r i: t
referendum	r E f E r E n t Y m
reflection	r E f l E x s j O n
ref	r E f
refugee	r E f j u t j i
refugees	r E f j u t j i s
regarding	r E k a r t i N
regard	r E k a r t
region	r i t s j O n
registered	r E t s j I s t E r t
regular	r E k u l a r
reid	r i: t
relationship	r i l ei s j O n s j I p
relevant	r E l E v a n_0 t
rental	r E n_0 t a l
rent	r E n_0 t
representatives	r E p r i s E n_0 t a t I v s
rescue	r E s c u
research	r i: s 9 r t s
reserve	r i s E r v
resort	r E s O r_0 t
resources	r E s O r_0 s E s
restaurant	r E s t O r a n_0 t
restaurants	r E s t O r a n_0 t s
rest	r E s t
retail	r i: t_h ei l
retrieving	r E t_h r i: v i N
retro	r E h t r ou
reuters	r u t E r_0 s
revenue	r E v E n j u
revolution	r E v O l u s j O n
reward	r i v O r t
reynolds	r E n O l t s
rey	r ei:
rhapsody	r a p s O t i
rhythm	r I D m
ribs	r I p s
rice	r ai: s
richard	r I t s j a r t
richards	r I t s j a r t s
rich	r I t s
rick	r I h k
ride	r ai: t
rider	r ai: t E r
riders	r ai: t E r_0 s
riding	r ai: t i N
riga	r i: k a
right	r ai: t
rights	r ai: t s
rihanna	r i: h a n a
ring	r i N
rings	r i N s
ringtones	r i N t_h ou n s
rio	r i: ou
rise	r ai: s
rises	r ai: s E s
rising	r ai: s i N
risk	r I s k
river	r I v E r
rivers	r I v E r_0 s
road	r ou: t
roads	r ou: t s
roar	r O: r
robben	r O p E n
robbie	r O p i
roberto	r ou: p E r_0 t ou
robert	r O p E r_0 t
robertson	r O p E r_0 t s O n
roberts	r O p E r_0 t s
robin	r O p I n
robinson	r O p I n s O n
rob	r O p
rockets	r O h k E t s
rock	r O h k
rocks	r O h k s
rocky	r O h c i
rodgers	r O t j E r_0 s
roger	r O: t j E r
rogers	r O t j E r_0 s
roland	r ou: l a n t
role	r ou: l
rolf	r O l f
rolling	r ou l i N k
roll	r ou l
romance	r ou: m a n s
roman	r ou: m a n
roma	r ou: m a
romelu	r ou m E l u
romeo	r ou: m E ou
rome	r ou: m
romney	r O m n i
ronaldinho	r ou n a l t I n j ou
ronaldo	r ou: n a l t O
ronald	r O n a l t
ron	r O n
room	r u: m
rooms	r u: m s
rooney	r u: n i
roots	r u: t s
rory	r O r i
rosberg	r O s p E r k
rose	r ou: s
rostov	r O s t O v
rotherham	r O T E r_0 h a m
roth	r O T
rotten	r O h t E n
rotterdam	r O h t E r t a m
round	r au n t
route	r au t
rover	r ou: v E r
rovers	r ou: v E r_0 s
row	r ou:
royale	r Oi a l
royal	r Oi a l
roy	r Oi
ruben	r u: p E n
rubin	r u: p I n
rugby	r 9 k p i
rule	r u: l
rules	r u: l s
rum	r 9 m
rumsfeld	r 9 m s f E l t
running	r 9 n i N
run	r 9 n
runway	r 9 n v ei
ru	r u
rush	r 9 s
russell	r 9 s E l
russian	r 9 s j a n
russia	r 9 s j a
ruth	r u T
ruud	r u: t
ryanair	r ai j a n E r
ryan	r ai j a n
ryder	r ai: t E r
räikkönen	r ai k_h O n E n
sabbath	s a p a T
sadio	s a: t i j ou
sad	s a t
safe	s ei f
safety	s ei f t i
sagas	s a k a s
said	s E: t
saint	s ei n_0 t
sakho	s a: k_h ou
salah	s a l a h
sale	s ei: l
sales	s ei: l s
salman	s a l m a n
salmon	s a l m O n
salzburg	s a l s p u r k
sam	s a: m
samson	s a m s O n
sams	s a m s
samsung	s a m s u N
samuel	s a m j u E l
sanchez	s a n t s j E s
sanders	s a n t E r_0 s
sandro	s a n t r ou
sandy	s a n t i
sane	s ei: n
santander	s a n t_h a n t E r
santa	s a n_0 t a
santos	s a n t O s
sao	s a: ou
sapiens	s ei: p i j E n s
sarah	s a: r a
sar	s a: r
sassuolo	s a s u ou l ou
sauce	s O s
save	s ei: v
saw	s O:
saying	s ei j i N
say	s ei:
says	s E s
scanner	s k a n E r
scene	s i: n
scheduled	s c E t j u l t
scholes	s k ou: l s
school	s k u: l
science	s ai j E n s
sciences	s ai j E n s E s
scientists	s ai j E n t_h I s t s
scooter	s k u: t E r
scooters	s k u: t E r_0 s
scored	s k O: r t
scores	s k O: r s
scotland	s k O h t l a n t
scottish	s k O h t I s j
scott	s k O h t
scout	s k au: t
scream	s k r i: m
screen	s k r i: n
script	s k r I p t
seafood	s i: f u t
seafoods	s i: f u t s
sean	s j O: n
search	s 9: r t s
sea	s i:
season	s i: s O n
seasons	s i: s O n s
seas	s i: s
seat	s i: t
seattle	s i: a h t u l
sebastian	s E p a s t I a n
second	s E k O n t
seconds	s E k O n t s
secret	s i: k_h r E t
secrets	s i: k_h r E t s
section	s E x s j O n
sector	s E x t O r
sedan	s E t a n
seeds	s i: t s
seeing	s i: j i N
seem	s i: m
seems	s i: m s
see	s i:
seismic	s i s m I k
selfie	s E l f i
selfies	s E l f i s
self	s E l f
selling	s E l i N
sell	s E l
send	s E n t
senegal	s E n E k a l
senior	s i n i j O r
sense	s E n s
sentence	s E n t_h E n s
seoul	s ou: l
serena	s E r E n a
sergio	s E r t j i ou
serie	s i r i
series	s i r i s
seriously	s i r i Y s l i
serious	s i r i j Y s
serum	s E r u m
served	s 9: r v t
serve	s 9: r v
service	s 9 r v I s
services	s 9 r v I s E s
session	s E s j O n
sessions	s E s j O n s
setting	s E h t i N
settings	s E h t i N s
seven	s E v E n
several	s E v E r a l
sexual	s E k s j u a l
sexy	s E k s i
shading	s j ei: t i N
shadow	s j a t ou:
shadows	s j a t ou: s
shaken	s j ei k E n
shake	s j ei k
shakespeare	s j ei: k s p i r
shane	s j ei: n
shape	s j ei: p
shared	s j E: r t
share	s j E: r
shares	s j E: r s
sharing	s j E: r i N
sharon	s h a: r O n
sharons	s j a: r O n s
shaun	s j O: n
shaw	s j O:
shazam	s j a s a: m
shearer	s j i r E r
sheen	s j i: n
sheep	s j i: p
sheeran	s j i: r a n
sheets	s j i t s
sheffield	s j E f i l t
sheff	s j E f
sheikh	s j ei k
shein	s j i: j I n
shell	s j E l
she	s j i:
she's	s j i s
shine	s j ai: n
shining	s j ai: n i N
shipping	s j I h p i N
ship	s j I p
ships	s j I p s
shit	s j I t
shock	s j O h k
shoes	s j u: s
shooting	s j u: t i N
shoot	s j u: t
shopping	s j O h p i N
shop	s j O p
shops	s j O p s
short	s j O r_0 t
shot	s j O t
should	s j Y: t
shouse	s j au: s
showed	s j ou: t
showing	s j ou: i N
shown	s j ou: n
show	s j ou:
shows	s j ou: s
shy	s j ai:
sick	s I h k
side	s ai: t
siena	s i j E n a
sierra	s i: j E r a
signal	s I k n a l
signed	s ai: n t
sign	s ai: n
signs	s ai: n s
silence	s ai: l E n s
silent	s ai: l E n_0 t
silk	s I l_0 k
silva	s I l v a
silver	s I l v E r
silverstone	s I l v E r s t ou n
silvio	s I l v i j ou
similar	s I m I l a r
simon	s ai m O n
simple	s I m_0 p u l
simply	s I m_0 p l i
simpson	s I m s O n
since	s I n s
singapore	s i N a p_h u r
singer	s i N E r
singh	s i N
singing	s i N i N
single	s i N k u l
sing	s i N
sinisa	s I: n I s a
sink	s i N_0 k
sir	s 9: r
sister	s I s t E r
sisters	s I s t E r_0 s
site	s ai: t
sites	s ai: t s
six	s I k s
size	s ai: s
ska	s k a
ski	s c i:
skjern	s c E r n
skoda	s k ou: t a
skopje	s k O: p j E
skrtel	s k 9 r_0 t E l
skyline	s k ai: l ai n
skype	s c ai: p
sky	s k ai:
slave	s l ei: v
slayer	s l ei j E r
sleep	s l i: p
sling	s l i N
slow	s l ou:
smaller	s m O l E r
smalling	s m O l i N
small	s m O l
smart	s m a r_0 t
smartwallet	s m a r_0 t v O l E t
smile	s m ai: l
smith	s m I T
smitten	s m I h t E n
snake	s t n ei k
snapchat	s t n a p t_h j a h t
sniper	s t n ai: p E r
snowden	s t n ou: t E n
snowfall	s t n ou: f O l
snow	s t n ou:
soccer	s O h k E r
soft	s O f t
solace	s O l a s
solberg	s O l p E r k
soldier	s ou l t j E r
sold	s ou l t
solid	s O l I t
solidum	s O: l I t Y m
somebody	s O m p O t i
someone	s O m u O n
some	s O m
something	s O m T i N
sometime	s O m t_h ai m
sometimes	s O m t_h ai m s
song	s O N
songs	s O N s
son	s O n
sons	s O n s
sony	s ou: n i
soon	s u: n
sophie	s ou: f i
sophos	s ou: f O s
sorry	s O r i
sort	s O r_0 t
soul	s ou: l
soundboard	s au: n t p O r t
sound	s au: n t
sounds	s au: n t s
souness	s u: n E s
source	s O r_0 s
sources	s O r_0 s E s
southampton	s au T h a m_0 p t O n
southern	s 9 D E r n
southgate	s au: T c ei t
south	s au T
southwest	s au T v E s t
sox	s O k s
space	s p ei: s
spade	s p ei: t
spanish	s p a n I s j
spark	s p a r_0 k
speaking	s p i: c i N
speak	s p i: k
spears	s p i: r s
speech	s p i: t s
speed	s p i: t
spencer	s p E n s E r
spend	s p E n t
spent	s p E n_0 t
spice	s p ai: s
spiderman	s p ai: t E r m E n
spieth	s p i: T
spirit	s p I r I t
split	s p l I t
spoke	s p ou: k
sportabler	s p O r_0 t a p l E r
sporting	s p O r_0 t i N
sport	s p O r_0 t
spotify	s p O h t I f ai
spotlight	s p O h t l ai t
spot	s p O t
spring	s p r i N
spur	s p 9 r
spy	s p ai:
squad	s k u a: t
square	s k u E: r
sri	s r i
stable	s t ei: p u l
stabæk	s t a p E h k
stade	s t ei: t
stadium	s t ei: t i j Y m
staff	s t a f
stallions	s t a l j O n s
stallion	s t a l j O n
stamford	s t a m f O r t
standards	s t a n t a r t s
standard	s t a n t a r t
standing	s t a n t i N
stanford	s t a n f O r t
stanley	s t a n l i
stars	s t a: r_0 s
star	s t a r
starting	s t a r_0 t i N
starts	s t a r_0 t s
start	s t a r_0 t
startups	s t a r_0 t u p s
startup	s t a r_0 t u p
stated	s t ei: t_h E t
statement	s t ei: t E m E n_0 t
states	s t ei: t s
state	s t ei: t
station	s t ei: s j O n
statoil	s t a: t Oi l
status	s t ei: t u s
stay	s t ei:
steel	s t i: l
stephen	s t i: v E n
steps	s t E p s
step	s t E p
sterling	s t E r l i N
stern	s t 9 r n
stevens	s t i: v E n s
steven	s t i: v E n
steve	s t i: v
stewardship	s t u a r t s j I p
stewart	s t u a r_0 t
stick	s t I h k
still	s t I l
stir	s t 9: r
stockholm	s t O h k h O l m
stock	s t O h k
stoke	s t ou: k
stones	s t ou n s
stone	s t ou: n
stopped	s t O h p t
stop	s t O p
storage	s t O: r E t s
store	s t O: r
stories	s t O: r i s
story	s t O: r i
storytel	s t O: r i t_h E l
straight	s t r ei: t
straits	s t r ei t s
strangers	s t r ei: n t s j E r_0 s
stranger	s t r ei: n t s j E r
strange	s t r ei: n t s j
stream	s t r i: m
streets	s t r i: t s
street	s t r i t
strength	s t r E N T
strikes	s t r ai: k s
strike	s t r ai: k
string	s t r i N
stripes	s t r ai: p s
strokes	s t r ou: k s
strongest	s t r O N k E s t
strong	s t r O N
stuart	s t u a r_0 t
stuck	s t 9 h k
students	s t u t E n_0 t s
student	s t u t E n_0 t
studies	s t 9 t i s
studios	s t u t I i ou s
studio	s t u t i ou
study	s t 9 t i
stuff	s t 9 f
stunning	s t 9 n i N
sturridge	s t 9 r I t s
style	s t ai: l
subaru	s u: p a r u
subject	s 9 p t j E x t
subway	s 9 p v ei
such	s 9 t s
sudden	s 9 t E n
sugar	s j u k a r
suggest	s 9 k t j E s t
suites	s u i t s
sullenberger	s 9 l E n p E r c E r
sullivan	s 9 l I v a n
summer	s 9 m E r
summit	s 9 m I t
sunday	s 9 n t ei
sunderland	s 9 n t E r l a n t
sunny	s 9 n i
sunrise	s 9 n r ai s
sun	s 9 n
sunshine	s 9 n s j ai n
suns	s 9 n s
superstar	s u p E r_0 s t a r
super	s u p E r
supportlists	s Y p_h O r_0 t l I s t s
sure	s j 9: r
surface	s 9 r f ei s
survey	s 9 r v ei
survive	s 9 r v ai v
susan	s u: s a n
sushi	s u s j i
sustainable	s u s t ei n a p u l
suzuki	s u s u c_h i
swan	s v a: n
swansea	s v a: n s i
swedish	s v i: t I s j
sweet	s v i: t
swift	s v I f t
swimming	s v I m i N
swing	s v i N
switch	s v I t s
syndrome	s I n t r O m
synthesis	s I n T E s I s
syrian	s I: r i a n
syria	s I: r i a
system	s I s t E m
systems	s I s t E m s
sönderjyske	s 9 n t E r j I s c E
table	t_h ei: p u l
taco	t_h a k ou
tag	t_h a k
take	t_h ei: k
talent	t_h a: l E n_0 t
tales	t_h ei: l s
tale	t_h ei: l
talkback	t_h O: k p a h k
talking	t_h O: c i N
talksport	t_h O l_0 k s p O r_0 t
talks	t_h O: k s
talk	t_h O: k
tallinn	t_h a l I n
tango	t_h a N k ou
tank	t_h ei N_0 k
tapas	t_h a p a s
tape	t_h ei: p
tarantino	t_h a: r a n t_h i n ou
target	t_h a r k E t
task	t_h a s k
taste	t_h ei: s t
tata	t_h a t a
tattoo	t_h a h t u:
taxihreyfill	t_h a k s i r_0 ei v I t l_0
taxi	t_h a k s i
tax	t_h a k s
taylor	t_h ei l O r
teams	t_h i: m s
team	t_h i: m
tears	t_h i: r s
tea	t_h i:
technical	t_h E k n I k_h a l
tech	t_h E h k
ted	t_h E t
teen	t_h i: n
teheran	t_h E h E r a n
telefaxi	t_h E: l E f a k s I
telefax	t_h E: l E f a k s
telegram	t_h E: l E k r a m
telegraph	t_h E: l E k r a f
television	t_h E l E v I s j O n
teller	t_h E l E r
tells	t_h E l s
tell	t_h E l
temperatures	t_h E m_0 p E r a t_h j 9: r s
temperature	t_h E m_0 p E r a t_h j 9: r
temple	t_h E m_0 p u l
tennessee	t_h E n E s i
ten	t_h E n
terminal	t_h 9 r m I n a l
terms	t_h 9 r m s
term	t_h 9 r m
terrible	t_h E: r I p u l
terrorist	t_h E r O r I s t
terry	t_h E r i
tesla	t_h E s l a
test	t_h E s t
texas	t_h E k s a s
text	t_h E k s t
thai	t_h ai:
than	D E n
thanks	T ei N k s
thank	T ei N k
thatcher	T a t s j E r
that	D a t
that's	D E t s
theater	T i: E t_h E r
the	D E
theft	T E f t
their	D E r
them	D E m
themes	T i: m s
then	D E n
theory	T i O r i
theo	T i: j ou
therapy	T E r a p_h i
there	D E: r
therefore	D E: r E f O r
there's	D E: r s
these	D i: s
they	D ei:
they're	D E: r
thief	T i: f
thierry	t_h i j E r I
things	T i N s
thing	T i N
thinking	T i N k_h i N
think	T i N_0 k
thin	T I n
third	T 9 r t
thirty	T I r_0 t i
this	D I s
thomas	t_h O m a s
thompson	t_h O m s O n
thorn	T O r n
thor	T O: r
those	D ou: s
though	D ou:
thoughts	T O: t s
thought	T O: t
thousands	T au s a n t s
thousand	T au s a n t
thread	T r E: t
threat	T r E t
three	T r i:
thrones	T r ou: n s
through	T r u:
thug	T 9 k
thunder	T 9 n t E r
thursday	T u r_0 s t ei
tickets	t_h I h k E t s
ticket	t_h I h k E t
tiger	t_h ai: k E r
tiktok	t_h I h k t_h O h k
tillen	t_h I l E n
till	t_h I l
timberlake	t_h I m p E r l ei k
times	t_h ai: m s
time	t_h ai: m
tim	t_h I m
tinder	t_h I n t E r
tinto	t_h I n_0 t ou
tips	t_h I p s
title	t_h ai t u l
tobias	t_h O p i j a s
todd	t_h O t
tokyo	t_h ou: c_h i j ou
tolerance	t_h O l E r a n s
tomas	t_h O m a s
tommy	t_h O m i
tom	t_h O: m
tonic	t_h O n I k
tony	t_h ou: n i
too	t_h u:
top	t_h O h p
torino	t_h O r i n ou
toronto	t_h O r O n_0 t O
totally	t_h ou: t_h a l i
total	t_h ou: t a l
to	t_h u:
tottenham	t_h O h t E n h a m
tot	t_h O t
touch	t_h 9 t s
toure	t_h u: r E
touring	t_h u: r i N
tourism	t_h u: r I s m
tourist	t_h u: r I s t
tournaments	t_h 9 r n a m E n_0 t s
tournament	t_h 9 r n a m E n_0 t
tours	t_h u: r_0 s
tour	t_h u: r
tower	t_h au: E r
toyota	t_h Oi ou t a
tracker	t_h r a h k E r
track	t_h r a h k
trade	t_h r ei: t
trading	t_h r ei: t i N
traffic	t_h r a f I k
trafford	t_h r a f O r t
trailer	t_h r ei: l E r
trail	t_h r ei: l
training	t_h r ei: n i N
train	t_h r ei: n
tranmere	t_h r a n m i r
transfer	t_h r a n s f E r
transit	t_h r a n s I t
translate	t_h r a n s l ei t
translator	t_h r a n s l ei t O r
transport	t_h r a n s p O r_0 t
trauma	t_h r au: m a
travelling	t_h r a: v E l i N
travel	t_h r a: v E l
treatment	t_h r i: t m E n_0 t
treaty	t_h r i: t i
tree	t_h r i:
trend	t_h r E n t
trial	t_h r ai j a l
tribune	t_h r I p j 9: n
tribute	t_h r I p j u: t
tried	t_h r ai: t
trips	t_h r I p s
trip	t_h r I p
trophy	t_h r ou: f i
trouble	t_h r O: p u l
true	t_h r u:
truly	t_h r u: l i
trumps	t_h r 9 m_0 p s
trump	t_h r 9 m_0 p
trust	t_h r u s t
truth	t_h r u T
trying	t_h r ai j i N
try	t_h r ai:
tsipras	t_h s I p r a s
tube	t_h j u: p
turbo	t_h u r p ou
turismo	t_h u r I s m ou
turned	t_h 9 r n t
turner	t_h 9 r n E r
tv	t_h i: v i:
twelve	t v E l v
twenty	t v E n_0 t i
twice	t v ai: s
twilight	t v ai: l ai t
twin	t v I n
twitter	t v I h t E r
tyler	t_h ai: l E r
type	t_h ai: p
tyson	t_h ai: s O n
uber	u: p E r
uefa	j u: E f a
ultimate	u l_0 t I m ei t
ultra	u l_0 t r a
un	9 n
under	9 n t E r
underground	9 n t E r k r au n t
unesco	j 9 n E s k ou
unicef	j u n i s E f
union	j u n i O n
united	j u: n ai t E t
unit	j u: n I t
university	j u n i v 9 r_0 s I t i
updates	u p t ei: t s
urban	9 r p a n
urn	9 r n
us	9 s
use	j u: s
using	j u: s i N
u.s.	j u: E s
usual	j u: s j u a l
usually	j u: s j u a l i
utah	j u: t_h a h
utd	j u: n ai t E t
valencia	v ei l E n s i j a
valentine	v a l E n t_h ai n
vale	v ei: l
valley	v a l i
values	v a: l j u s
value	v a: l j u
vampire	v a m p_h ai j 9 r
vardy	v a r t i
various	v a r i j Y s
vegas	v E: k a s
vehicle	v i: j I k_h u l
velvet	v E l v E t
ventures	v E n t_h j 9 r s
venture	v E n t_h j 9 r
venue	v E n j u
verge	v 9 r t s j
verne	v 9 r n
verona	v E r ou n a
very	v E r i
viaplay	v i: j a p_h l ei
via	v i: j a
victims	v I x t I m s
victoria	v I x t_h O r i j a
victor	v I x t O r
victory	v I x t O r i
vic	v I k
videos	v I t E O s
video	v I t E ou
vide	v i: t E
views	v j u: s
view	v j u:
vigo	v i k ou
viii	v i:
viking	v ai: c_h i N k
village	v I l I t s j
villarreal	v I l a r E a l
vincent	v I n s E n_0 t
vintage	v I n t_h I t s j
violence	v ai O l E n s
viral	v ai: r a l
virgil	v 9 r t j I l
virgin	v 9 r t j I n
virtual	v 9 r_0 t j u a l
virus	v ai: r u s
visa	v i: s a
visible	v I s I p u l
vision	v I s j O n
visited	v I s I t I t
visiting	v I s I t i N
visitors	v I s I t O r_0 s
visitor	v I s I t O r
visit	v I s I t
visual	v I s j u a l
vladimir	v l a t I m i r
vocal	v ou: k_h a l
vodafone	v ou: t a f ou n
vogue	v ou: k
voice	v Oi s
voices	v Oi s I s
volume	v O l j u: m
volvo	v O l v ou
votes	v ou: t s
vote	v ou: t
vox	v O k s
voyage	v Oi a s j
wade	v ei: t
wage	v ei: t s j
wagner	v a: k n E r
waiting	v ei t i N
wait	v ei: t
wake	v ei: k
walcott	v O l k O h t
wales	v ei: l s
walker	v O l_0 k E r
walking	v O: k i N
walk	v O: k
wallet	v O l E t
wall	v O l
walter	v O l_0 t E r
wanderers	v O n t E r E r_0 s
wang	v a N
wanna	v O n a
wanted	v O n_0 t E t
wants	v O n_0 t s
warcraft	v O r k r a f t
waren	v O: r E n
warfare	v O: r f E r
warming	v O r m i N
warm	v O r m
warner	v O r n E r
warning	v O r n i N
warnock	v O r n O h k
warren	v O r E n
warrior	v O r I O r
washington	v O s j i N t_h O n
wasn't	v O s n t
waste	v ei s t
was	v O: s
watching	v O t s j i N
watch	v O t s
waterfall	v O: t E r f O l
waters	v O: t E r_0 s
watford	v O t f O r t
watson	v O t s O n
waves	v ei: v s
wave	v ei: v
wayne	v ei: n
ways	v ei: s
wealth	v E l T
wearable	v E: r a p u l
wearing	v E: r i N
wear	v E: r
weather	v E: D E r
webber	v E p E r
weber	v E: p E r
web	v E p
wedding	v E t i N
weed	v i t
weekend	v i k E n t
weeks	v i k s
weezer	v i: s E r
weight	v ei: t
weinstein	v ei n s t i n
weird	v i r t
welcome	v E l k O m
welfare	v E l f E r
well	v E l
wembley	v E m p l i
went	v E n_0 t
werder	v E r t E r
were	v E: r
we're	v i: r
westbrook	v E s t p r u k
western	v E s t E r n
west	v E s t
westwood	v E s t v u t
we've	v i: v
whales	v ei l s
whale	v ei: l
whaling	v ei: l i N
what	v O t
whatsapp	v O t s a h p
whatsflirt	v O t s f l 9 r_0 t
what's	v O t s
while	v ai: l
white	v ai: t
whitney	v I h t n i
whom	h u: m
whose	h u: s
why	v ai:
wicked	v I h k E t
wide	v ai: t
widgets	v I t s j E t s
wife	v ai: f
wifi	v ai: f ai
wigan	v i: k a n
wildlife	v ai: l t l ai: f
wild	v ai: l t
williams	v I l j a m s
william	v I l j a m
willys	v I l i s
wilson	v I l s O n
windows	v I n t ou s
window	v I n t ou:
winds	v I n t s
wind	v I n t
wine	v ai: n
wings	v i N s
wing	v i N
winners	v I n E r_0 s
winner	v I n E r
winning	v I n i N
winter	v I n_0 t E r
win	v I n
wire	v ai: E r
wish	v I s j
witch	v I t s
with	v I T
withdrawn	v I T t r O: n
witness	v I h t n E s
wizards	v I s a r t s
wizard	v I s a r t
wolfsburg	v u l f s p 9 r k
wolf	v u l f
wolves	v u l v s
women's	v I m E n s
wonderful	v 9 n t E r_0 f u l
wonder	v O n t E r
won't	v ou n_0 t
won	v O n
woods	v u: t s
wood	v u: t
words	v 9 r t s
word	v 9 r t
worked	v 9 r_0 k t
workers	v 9 r_0 k E r_0 s
working	v 9 r_0 k i N
workshop	v 9 r_0 k s j O p
works	v 9 r_0 k s
work	v 9 r_0 k
world	v 9 r l t
world's	v 9 r l t s
worlds	v 9 r l t s
worldwide	v 9 r l t v ai: t
worse	v 9: r_0 s
worst	v 9 r_0 s t
worth	v 9 r_0 T
would	v u: t
wow	v ou:
wright	r ai: t
write	r ai: t
writers	r ai: t E r_0 s
writes	r ai: t s
writing	r ai: t i N
written	r I h t E n
wrong	r O N
wrote	r ou: t
wuhan	v u: h a n
xavi	s a: v i
xi	s i:
yahoo	j a: h u
yard	j a r t
yatsý	j a t s i
yaya	j a: j a
year	j i: r
year's	j i: r s
years	j i: r s
yellow	j E l ou:
yeoman	j E: O m a n
yes	j E s
yesterday	j E s t E r t ei
yoga	j ou: k a
yoko	j ou: k ou
yorke	j O r_0 k
yorker	j O r_0 k E r
york	j O r_0 k
you	j u:
you'll	j u: l
younger	j 9 N k E r
young	j 9 N
your	j O: r
youth	j u: T
youtube	j u: t j u: p
zagreb	s a: k r E p
zeppelin	s E h p E l I n
zero	s i: r ou
zolo	s ou: l ou
zone	s ou: n
zoom	s u m
zoo	s u:
zuckerberg	s 9 h k E r p E r k
örebro	9: r E p r u
